CUSTOMER,PLANTGATE,PART
"Astra Honda Motor, PT",AHM 6 (P9P1),1141A-K1Z -N200-DL
"Astra Honda Motor, PT",AHM 6 (P9P1),19120-K2S -N000
"Astra Honda Motor, PT",AHM 6 (P9P1),17575-K1A -N800
"Astra Honda Motor, PT",AHM ONE PACK (P3P4),1141A-K1Z -N200-DL
"Astra Honda Motor, PT",AHM ONE PACK (P3P4),8114A-K1A -N800-DL
"Astra Honda Motor, PT",AHM ONE PACK (P3P4),81255-K1A -N800
"Astra Honda Motor, PT",AHM ONE PACK (P3P4),1757A-K2V -N300-DL
Inoac Polytechno Indonesia,KRW,76111-80K00
Inoac Polytechno Indonesia,KRW,76161-80K00
Inoac Polytechno Indonesia,KRW,76110-60K00
Inoac Polytechno Indonesia,KRW,76160-60K00
Inoac Polytechno Indonesia,KRW,76221-60K10
Inoac Polytechno Indonesia,KRW,76271-60K10
Inoac Polytechno Indonesia,KRW,76220-60K10
Inoac Polytechno Indonesia,KRW,76270-60K10
Inoac Polytechno Indonesia,KRW,76230-60K00-6GS
Inoac Polytechno Indonesia,KRW,76280-60K00-6GS
Inoac Polytechno Indonesia,KRW,76230-60K10-6GS
Inoac Polytechno Indonesia,KRW,76280-60K10-6GS
Inoac Polytechno Indonesia,KRW,A-DHD36-PK003.1
Inoac Polytechno Indonesia,KRW,A-DHD36-PK004.1
Inoac Polytechno Indonesia,KRW,A-DHD36-PK005.1
Inoac Polytechno Indonesia,KRW,A-DHD36-PK006.1
Inoac Polytechno Indonesia,KRW,A-DHD66-PK003.0
Inoac Polytechno Indonesia,KRW,A-DHD66-PK004.0
Inoac Polytechno Indonesia,KRW,A-DHD66-PK006.0
Inoac Polytechno Indonesia,KRW,A-DHD66-PK007.0
Inoac Polytechno Indonesia,KRW,62415-0K010
Inoac Polytechno Indonesia,KRW,62416-0K010
Inoac Polytechno Indonesia,KRW,62411-0K090
Inoac Polytechno Indonesia,KRW,62412-0K090
Inoac Polytechno Indonesia,KRW,67937-0K010
Inoac Polytechno Indonesia,KRW,67938-0K010
Inoac Polytechno Indonesia,KRW,67937-0K010-A
Inoac Polytechno Indonesia,KRW,67938-0K010-A
Inoac Polytechno Indonesia,KRW,74211-BZ010-H
Inoac Polytechno Indonesia,KRW,74212-BZ010-H
Inoac Polytechno Indonesia,KRW,74213-BZ010-H
Inoac Polytechno Indonesia,KRW,74214-BZ010-H
Inoac Polytechno Indonesia,KRW,74293-BZ020-H
Inoac Polytechno Indonesia,KRW,74294-BZ020-H
Inoac Polytechno Indonesia,KRW,58952-BZ030- -4
Inoac Polytechno Indonesia,KRW,58951-BZ030- -4
Inoac Polytechno Indonesia,KRW,63317-VT010
Inoac Polytechno Indonesia,KRW,63317-VT030
Inoac Polytechno Indonesia,KRW,63365-VT010
Inoac Polytechno Indonesia,KRW,63366-VT010
Inoac Polytechno Indonesia,KRW,63381-VT031
Inoac Polytechno Indonesia,KRW,63382-VT011
Inoac Polytechno Indonesia,KRW,63383-VT031
Inoac Polytechno Indonesia,KRW,63384-VT011
Inoac Polytechno Indonesia,KRW,63385-VT010
Inoac Polytechno Indonesia,KRW,63386-VT010
Inoac Polytechno Indonesia,KRW,88589-VT010
Inoac Polytechno Indonesia,KRW,63381-VT011
Inoac Polytechno Indonesia,KRW,63383-VT011
Inoac Polytechno Indonesia,KRW,58957-VT010
Inoac Polytechno Indonesia,KRW,58957-VT020
Inoac Polytechno Indonesia,KRW,74251-VT010-A
Inoac Polytechno Indonesia,KRW,74252-VT010-A
Inoac Polytechno Indonesia,KRW,74211-VT010-A
Inoac Polytechno Indonesia,KRW,74212-VT010-A
Inoac Polytechno Indonesia,KRW,REI-00-006
Inoac Polytechno Indonesia,KRW,REI-00-009
Inoac Polytechno Indonesia,KRW,REI-00-008
Inoac Polytechno Indonesia,KRW,REI-00-007
Inoac Polytechno Indonesia,KRW,REI-04-001
Inoac Polytechno Indonesia,KRW,REI-04-004
Inoac Polytechno Indonesia,KRW,REI-04-002
Inoac Polytechno Indonesia,KRW,REI-04-003
