KATEGORI,JENIS,NOMOR PART,NAMA PART,SUPPLIER,STATUS,KETERANGAN,STD PACKING,UOM,JENIS PACKING
SUBPART,-,87563-K59-A100,"STICKER, COMBIE BRAKE","Afix Kogyo Indonesia, PT",DISCONTINUE,L1,100,PCS,PLASTIK
SUBPART,-,87586-MCA-G601,LABEL FUEL,"Afix Kogyo Indonesia, PT",AKTIF,L1,100,PCS,PLASTIK
SUBPART,-,81135-K2S -N800,RUBBER SEAL (6 X 6 X 310),"Armstrong Industri Indonesia, PT",AKTIF,L1,100,PCS,PLASTIK
SUBPART,-,81135-K2SA-N000-20,RUBBER SEAL,"Armstrong Industri Indonesia, PT",DISCONTINUE,L3,100,PCS,PLASTIK
SUBPART,-,81291-K1AL-N802,"SEAL,INNER POCKET","Armstrong Industri Indonesia, PT",AKTIF,L1,100,PCS,PLASTIK
SUBPART,-,81291-K1A-N100,SEAL INNER POCKET,"Armstrong Industri Indonesia, PT",AKTIF,L2,100,PCS,PLASTIK
SUBPART,-,95002-50000,CLIP C9 TUBE,"Asianet Spring Indonesia, PT",AKTIF,L1,1000,PCS,PLASTIK
SUBPART,-,17527-K35-V000,RUBBER FUEL SEAL,"Caturindo Agung Jaya Rubber, PT",AKTIF,L1,100,PCS,PLASTIK
SUBPART,-,50352-GS6 -0002,RUBBER LINK STOPPER,"Caturindo Agung Jaya Rubber, PT",AKTIF,L1,50,PCS,PLASTIK
SUBPART,-,50352-K84-9000,RUBBER STOPPER,"Caturindo Agung Jaya Rubber, PT",DISCONTINUE,L1,50,PCS,PLASTIK
SUBPART,-,95003-14030-20,"TUBE, VINYL 6X9X300","Caturindo Agung Jaya Rubber, PT",AKTIF,L1,50,PCS,PLASTIK
SUBPART,-,90-AD01SYN1,Wire Harness Assy,"Dharma Electrindo Manufacturing, PT",AKTIF,L1,100,PCS,POLYBOX
SUBPART,-,91-AD09SYN1,Wire AD09,"Dharma Electrindo Manufacturing, PT",AKTIF,L1,100,PCS,POLYBOX
SUBPART,-,92-AD05SYN,Wire Harness AD05,"Dharma Electrindo Manufacturing, PT",AKTIF,L1,100,PCS,POLYBOX
SUBPART,-,92-AD06SYN,Wire Harness AD06,"Dharma Electrindo Manufacturing, PT",AKTIF,L1,100,PCS,POLYBOX
SUBPART,-,19416-K01-9000,COLLAR K01,"Grakindo Maju Sukses, PT",AKTIF,L1,5000,PCS,PLASTIK
SUBPART,-,81321-K97-T001,NUT SPECIAL 6x7,"Grakindo Maju Sukses, PT",AKTIF,L1,500,PCS,PLASTIK
SUBPART,-,19416-K01-9000,COLLAR K01,"Indobolt Jaya Makmur, PT",AKTIF,L2,1000,PCS,PLASTIK
SUBPART,-,19416-KEY-9000,COLLAR,"Indobolt Jaya Makmur, PT",AKTIF,L2,1000,PCS,PLASTIK
SUBPART,-,81135-K2SA-N000-20,RUBBER SEAL,"Irc Inoac Indonesia, PT",DISCONTINUE,L1,100,PCS,PLASTIK
SUBPART,-,81291-K1A-N100,SEAL INNER POCKET,"Irc Inoac Indonesia, PT",AKTIF,L1,100,PCS,PLASTIK
SUBPART,-,11412-K1NA-V002,SEAL ENG TOP COVER,"Karya Putra Sangkuriang, PT",AKTIF,L1,100,PCS,PLASTIK
SUBPART,-,17525-K0J-N000,"RUBBER, FUEL SEAL","Karya Putra Sangkuriang, PT",AKTIF,L1,50,PCS,PLASTIK
SUBPART,-,17526-K2FA-N000,"TUBE, DRAIN-BB","Karya Putra Sangkuriang, PT",AKTIF,L1,150,PCS,KARTON
SUBPART,-,37215-KZZ-9000,RUBBER METER SET,"Karya Putra Sangkuriang, PT",DISCONTINUE,L1,1000,PCS,PLASTIK
SUBPART,-,64332-K0J -N000-H1,CUSHION A BATTERY (PSG),"Karya Putra Sangkuriang, PT",AKTIF,L1,100,PCS,PLASTIK
SUBPART,-,64334-K0J-N000-H1,CUSHION B BATTERY,"Karya Putra Sangkuriang, PT",AKTIF,L1,100,PCS,PLASTIK
SUBPART,-,81324-K1ZA-J100,"TUBE, BATTERY DRAIN K1ZA","Karya Putra Sangkuriang, PT",DISCONTINUE,L1,50,PCS,PLASTIK
SUBPART,-,81324-K97-T000,"TUBE, BATTERY DRAIN","Karya Putra Sangkuriang, PT",DISCONTINUE,L1,100,PCS,PLASTIK
SUBPART,-,81325-K97-N000,RUBBER BATTERY,"Karya Putra Sangkuriang, PT",DISCONTINUE,L1,300,PCS,PLASTIK
SUBPART,-,95003-23040-31,V TUBE 8x12x400,"Karya Putra Sangkuriang, PT",AKTIF,L1,50,PCS,PLASTIK
SUBPART,-,95003-23060-31,V TUBE 8x12x600,"Karya Putra Sangkuriang, PT",DISCONTINUE,L1,50,PCS,PLASTIK
SUBPART,-,95003-23069-31,V TUBE 8x12x690,"Karya Putra Sangkuriang, PT",AKTIF,L1,50,PCS,PLASTIK
SUBPART,-,80108-K45-N400,COLLAR RR FENDER,"MADA WIKRI TUNGGAL PLANT 1, PT",AKTIF,L1,100,PCS,PLASTIK
SUBPART,-,90302-GW3-9800,"NUT, SPRING, 4MM (PSG)","MADA WIKRI TUNGGAL PLANT 1, PT",DISCONTINUE,L1,100,PCS,PLASTIK
SUBPART,-,90302-KWW-A003,NUT SPRING 4MM,"MADA WIKRI TUNGGAL PLANT 1, PT",AKTIF,L1,100,PCS,PLASTIK
SUBPART,-,90310-KWS -9000,COLLAR FRONT COWL (PSG),"MADA WIKRI TUNGGAL PLANT 1, PT",DISCONTINUE,L1,100,PCS,PLASTIK
SUBPART,-,90320-GC3-0003,NUT SPRING M5,"MADA WIKRI TUNGGAL PLANT 1, PT",AKTIF,L1,100,PCS,PLASTIK
SUBPART,-,90344-KRB-9004,NUT CLIP 5MM,"MADA WIKRI TUNGGAL PLANT 1, PT",AKTIF,L1,100,PCS,PLASTIK
SUBPART,-,90677-KAN-T004,NUT CLIP 5MM,"MADA WIKRI TUNGGAL PLANT 1, PT",AKTIF,L1,100,PCS,
SUBPART,-,80102-K0J-N000,NUT CLIP 6MM,"MADA WIKRI TUNGGAL PLANT 1, PT",AKTIF,L1,100,PCS,PLASTIK
SUBPART,-,84601-HA7-6700,NUT FENDER,"MADA WIKRI TUNGGAL PLANT 1, PT",AKTIF,L1,100,PCS,PLASTIK
SUBPART,-,90311-MT3-003,"NUT, CLIP 6MM","MADA WIKRI TUNGGAL PLANT 1, PT",AKTIF,L1,100,PCS,PLASTIK
SUBPART,-,0530-20022 (710026559),Dual Lock Fastener,"Mandiri Panca Prima, PT",AKTIF,L1,100,PCS,PLASTIK
SUBPART,-,PSG-SUBPART-0100,PRIMER K-520 (PRI-05-002A),"Mandiri Panca Prima, PT",AKTIF,L1,1,CAN,KALENG
SUBPART,-,90320-GC3-0003,NUT SPRING M5,"Nandya Karya Perkasa, PT",AKTIF,L2,100,PCS,PLASTIK
SUBPART,-,81137-K2CA-V010-M1,LATCH,"Nifco Indonesia, PT",DISCONTINUE,L1,1000,PCS,PLASTIK
SUBPART,-,90116-K0A -E110-M1,RIVET PUSH 6MM (PSG),"Nifco Indonesia, PT",DISCONTINUE,L1,1000,PCS,PLASTIK
SUBPART,-,90651-K14-A310-M1,SLIDER CLIP,"Nifco Indonesia, PT",DISCONTINUE,L1,1000,PCS,PLASTIK
SUBPART,-,90666-K59 -A110-M1,CLIP SNAP FIT ( PSG ),"Nifco Indonesia, PT",AKTIF,L1,1000,PCS,PLASTIK
SUBPART,-,90666-K59-A110-IN,"CLIT, SNAP FIT (PO)","Nifco Indonesia, PT",AKTIF,L1,,PCS,
SUBPART,-,93903- 34380,SCREW TAPPING 4X12 (PSG),"Nitto Alam Indonesia, PT",AKTIF,L1,100,PCS,PLASTIK
SUBPART,-,93903-24380,SCREW TAPPING 4x12 HITAM (PSG),"Nitto Alam Indonesia, PT",AKTIF,L1,100,PCS,PLASTIK
SUBPART,-,19416-KEY-9000,COLLAR,"Sukses Cipta Makmur, PT",AKTIF,L1,100,PCS,PLASTIK
SUBPART,-,57505-K21-A000,LABEL TIRE,"Tato, PT",DISCONTINUE,L1,100,PCS,PLASTIK
SUBPART,-,86102-K1AL -NA01,"MARK, HONDA 60MM","Tato, PT",AKTIF,L1,100,PCS,PLASTIK
SUBPART,-,86102-K1ZA-J100-00-01,"MARK, HONDA 60MM TYPE 1","Tato, PT",AKTIF,L1,100,PCS,PLASTIK
SUBPART,-,87125-KFV-8400,Name Plate,"Tato, PT",AKTIF,L1,100,PCS,PLASTIK
SUBPART,-,87509-KWP-9001,Label Air Element Notice,"Tato, PT",AKTIF,L1,100,PCS,PLASTIK
SUBPART,-,87509-KWW-A401,Label Air Element Notice,"Tato, PT",DISCONTINUE,L1,100,PCS,PLASTIK
SUBPART,-,87560-KVB-8600,LABEL DRIVE CAUTION ENG,"Tato, PT",DISCONTINUE,L1,100,PCS,PLASTIK
SUBPART,-,87560-KVBF-9301,LABEL DRIVE CAUTION,"Tato, PT",AKTIF,L1,100,PCS,PLASTIK
SUBPART,-,87560-MCA-G601,LABEL DRIVE,"Tato, PT",DISCONTINUE,L1,100,PCS,PLASTIK
SUBPART,-,87586-KVB-9301-H1,LABEL FUEL,"Tato, PT",DISCONTINUE,L1,100,PCS,PLASTIK
SUBPART,-,87586-KYT-8600,LABEL FULL CAUTION,"Tato, PT",DISCONTINUE,L1,100,PCS,PLASTIK
SUBPART,-,90101-K64A-N001,NUT INSERT,"Techno Hoei Indonesia, PT",AKTIF,L1,100,PCS,PLASTIK
SUBPART,-,81145-K93-N000,SPG LID,"Trijaya Sukses Sejahtera, PT",AKTIF,L1,500,PCS,PLASTIK
SUBPART,-,95002-02080,CLIP B8 TUBE,"Trijaya Sukses Sejahtera, PT",DISCONTINUE,L1,1000,PCS,PLASTIK
SUBPART,-,80102-K0J-N000,NUT CLIP 6MM,"Whain, PT",AKTIF,L2,500,PCS,PLASTIK
SUBPART,-,84601-HA7-6700,NUT FENDER,"Whain, PT",AKTIF,L2,500,PCS,PLASTIK
SUBPART,-,90311-MT3-003,"NUT, CLIP 6MM","Whain, PT",AKTIF,L2,500,PCS,PLASTIK
SUBPART,-,AJI-XX4006-VM,Pivot Screw,"Yahata Fastener Indonesia, PT",AKTIF,L1,1000,PCS,PLASTIK
SUBPART,-,64615-KR1-8600,RUBBER LOWER COWL MT,"Yazuho Auto, PT",DISCONTINUE,L1,100,PCS,PLASTIK
SUBPART,-,81135-K2SA-N000-20,RUBBER SEAL,"Orbit Karunia Gemilang, PT",DISCONTINUE,L2,50,PCS,PLASTIK
SUBPART,-,81291-K1AL-N802,"SEAL,INNER POCKET","Orbit Karunia Gemilang, PT",AKTIF,L2,50,PCS,PLASTIK
SUBPART,-,81291-K1A-N100,SEAL INNER POCKET,"Orbit Karunia Gemilang, PT",AKTIF,L2,50,PCS,PLASTIK
SUBPART,-,90301-KWN -9010-M1,NUT U 5 MM (PSG),"Fuji Seimitsu Indonesia, PT",AKTIF,L1,100,PCS,PLASTIK
SUBPART,-,0530-20022 (710026559),Dual Lock Fastener,"Inoac Polytechno Indonesia, PT",AKTIF,L1,100,PCS,PLASTIK
SUBPART,-,9004A-46302,Clip Seal (CLI-09-010),"Inoac Polytechno Indonesia, PT",DISCONTINUE,L1,1000,PCS,PLASTIK
SUBPART,-,90467-10188,Clip Green (CLI-40-003),"Inoac Polytechno Indonesia, PT",AKTIF,L1,1000,PCS,PLASTIK
SUBPART,-,90467-T0021,Clip (CLI-09-002),"Inoac Polytechno Indonesia, PT",AKTIF,L1,1000,PCS,PLASTIK
SUBPART,-,90541-03078,Rubber Cushion,"Inoac Polytechno Indonesia, PT",AKTIF,L1,1000,PCS,PLASTIK
SUBPART,-,FEL-24-002,Felto (15x330x3),"Inoac Polytechno Indonesia, PT",DISCONTINUE,L1,,PCS,
SUBPART,-,NON-02-019,Now Woven (80x10x0.09),"Inoac Polytechno Indonesia, PT",AKTIF,L1,1000,PCS,PLASTIK
SUBPART,-,PLA-00-007,Plate RH,"Inoac Polytechno Indonesia, PT",AKTIF,L1,50,PCS,BOX
SUBPART,-,PLA-00-008,Plate LH,"Inoac Polytechno Indonesia, PT",AKTIF,L1,50,PCS,BOX
SUBPART,-,33741-MS6 -921-M1,"REFLEx,REFLECTOR (PSG)","INDONESIA STANLEY ELECTRIC, PT",AKTIF,L1,100,PCS,POLYBOX
SUBPART,-,23511-376-0003,GROMMET SIDE COVER,"TATA KARYA RUBBERINDO, PT",AKTIF,L1,200,PCS,PLASTIK
SUBPART,-,87130-KYA-B100,STICKER VIN,"SUMBER AGUNG SETIA ABADI, PT",DISCONTINUE,L1,100,PCS,PLASTIK
SUBPART,-,87505-K0J -N000,"LABEL, TIRE & DRIVER CARGO","SUMBER AGUNG SETIA ABADI, PT",AKTIF,L1,100,PCS,PLASTIK
SUBPART,-,87505-K2V -N800,"LABEL, TIRE&DRIVE&CARGO","SUMBER AGUNG SETIA ABADI, PT",AKTIF,L1,100,PCS,PLASTIK
SUBPART,-,87505-K3NA -N002,"LABEL, TIRE & DRIVE & CARGO","SUMBER AGUNG SETIA ABADI, PT",DISCONTINUE,L1,100,PCS,PLASTIK
SUBPART,-,87586-MCA-G601,LABEL FUEL,"SUMBER AGUNG SETIA ABADI, PT",AKTIF,L2,100,PCS,PLASTIK
SUBPART,-,38995,NUT - PUSH,"B.S. INDONESIA, PT",DISCONTINUE,L1,,PCS,
SUBPART,-,168199,PIVOT-BOLT,"B.S. INDONESIA, PT",DISCONTINUE,L1,,PCS,
SUBPART,-,193456,AIMING BOLT S/A - STD VER,"B.S. INDONESIA, PT",DISCONTINUE,L1,,PCS,
SUBPART,-,193456,AIMING BOLT ASSY - LOW VER OPT,"B.S. INDONESIA, PT",DISCONTINUE,L1,,PCS,
SUBPART,-,210732,AIMING BOLT ASSY - HIGH VER OPT,"B.S. INDONESIA, PT",DISCONTINUE,L1,,PCS,
SUBPART,-,275607,HEAT PLATE STD - LH,"B.S. INDONESIA, PT",DISCONTINUE,L1,,PCS,
SUBPART,-,275608,HEAT PLATE STD - RH,"B.S. INDONESIA, PT",DISCONTINUE,L1,,PCS,
SUBPART,-,275611,MAIN WIRING ASSY LH (RED),"B.S. INDONESIA, PT",DISCONTINUE,L1,,PCS,
SUBPART,-,275612,MAIN WIRING ASSY RH (BLUE),"B.S. INDONESIA, PT",DISCONTINUE,L1,,PCS,
SUBPART,-,275651,MAIN WIRING ASSY (GREEN) - LH/RH,"B.S. INDONESIA, PT",DISCONTINUE,L1,,PCS,
SUBPART,-,275653,MAIN WIRING ASSY (YELLOW) - LH/RH,"B.S. INDONESIA, PT",DISCONTINUE,L1,,PCS,
SUBPART,-,283575,AIMING BOLT S/A - STD HOR,"B.S. INDONESIA, PT",DISCONTINUE,L1,,PCS,
SUBPART,-,283578,AIMING BOLT ASSY - LOW HOR OPT,"B.S. INDONESIA, PT",DISCONTINUE,L1,,PCS,
SUBPART,-,283588,MAIN WIRING ASSY LH (WHITE),"B.S. INDONESIA, PT",DISCONTINUE,L1,,PCS,
SUBPART,-,283589,MAIN WIRING ASSY RH (BLACK),"B.S. INDONESIA, PT",DISCONTINUE,L1,,PCS,
SUBPART,-,20-4419-1206,T/SCREW 4X12 (BLACK),"B.S. INDONESIA, PT",DISCONTINUE,L1,,PCS,
SUBPART,-,INS-00-036,INS.CONS.COMP DOOR PAD RHD/LHD 560B,"MEIHOKU INDUSTRY INDONESIA, PT",AKTIF,L1,50,PCS,PLASTIK
SUBPART,-,NON-02-027,Non Woven Fabric,"MEIHOKU INDUSTRY INDONESIA, PT",AKTIF,L1,100,PCS,PLASTIK
SUBPART,-,URE-00-010,Pu F2 Foam (150 x 10 x 15),"MEIHOKU INDUSTRY INDONESIA, PT",AKTIF,L1,50,PCS,PLASTIK
SUBPART,-,URE-00-018,Pu F2 Foam (195 x 10 x 15),"MEIHOKU INDUSTRY INDONESIA, PT",AKTIF,L1,50,PCS,PLASTIK
SUBPART,-,86150-KTJ-C600,EMBLEM PRODUCT,"SHINKO ASIA ( MALAYSIA ), SDN. BHD.",AKTIF,L1,8000,PCS,KARTON
SUBPART,-,86150-KYS-9400,EMBLEM PRODUCT.,"SHINKO ASIA ( MALAYSIA ), SDN. BHD.",AKTIF,L1,8000,PCS,KARTON
SUBPART,-,87505-K0J -N000,"LABEL, TIRE & DRIVER CARGO",Purnamajaya Bhakti Utama. PT,AKTIF,L2,100,PCS,PLASTIK
SUBPART,-,PSG-SUBPART-0102,SIKA WELBOND SUPER,CHEMINDO PRIMA ABADI .PT,AKTIF,L1,15,Kg,KALENG
SUBPART,-,PSG-SUBPART-0101,MOULD RELEASE NON PAINTABLE 470 ML PROLIX,AJI BAYU GEMILANG .PT,AKTIF,L1,1,CAN,KALENG
SUBPART,-,9056-GCC-001,"PLUG, HOLE","MADA WIKRI TUNGGAL PLANT 2, PT",AKTIF,L1,100,PCS,PLASTIK
SUBPART,-,FAS-00-013,FASTENER 3M (SJ8121),"FUTARI MECCA UTAMA, PT",AKTIF,L1,200,PCS,PLASTIK
SUBPART,-,PSG-SUBPART-0100,PRIMER K-520 (PRI-05-002A),"FUTARI MECCA UTAMA, PT",AKTIF,L2,1,CAN,KALENG
MATERIAL,-,PA66 GF30 A3WG6,PA66 GF30 A3WG6,"Adyabina Putramas, PT",AKTIF,L1,25,KARUNG,KG
MATERIAL,-,CELANESE HOSTAFORM LX90Z XAP2 (SILVER),CELANESE HOSTAFORM LX90Z XAP2 (SILVER),"Adyabina Putramas, PT",DISCONTINUE,L1,25,KARUNG,KG
MATERIAL,-,PP ASA  LI935 94592,PP ASA  LI935 94592,"Adyabina Putramas, PT",AKTIF,L1,25,KARUNG,KG
MATERIAL,-,PC-MA901510DBLACK,PC-MA901510DBLACK,"Adyabina Putramas, PT",AKTIF,L1,25,KARUNG,KG
MATERIAL,-,PC MAKROLON 2407 GREY,PC MAKROLON 2407 GREY,"Adyabina Putramas, PT",AKTIF,L1,25,KARUNG,KG
MATERIAL,-,PC LUPOY NS5000C,PC LUPOY NS5000C,"Adyabina Putramas, PT",AKTIF,L1,25,KARUNG,KG
MATERIAL,-,ABS XR 404,ABS XR 404,"Adyabina Putramas, PT",AKTIF,L1,25,KARUNG,KG
MATERIAL,-,PBT LUPOX GP1000DS GKA02,PBT LUPOX GP1000DS GKA02,"Adyabina Putramas, PT",AKTIF,L1,25,KARUNG,KG
MASTERBATCH,-,MB JP112-S,MB JP112-S,"Dic Astra Chemicals, PT",AKTIF,L1,25,KARUNG,KG
MASTERBATCH,-,PLAMASTER INTRA BLACK,PLAMASTER INTRA BLACK,"Dic Astra Chemicals, PT",AKTIF,L1,25,KARUNG,KG
MASTERBATCH,-,PLAMASTER BROWN JP-6223-30  (DIC ASTRA),PLAMASTER BROWN JP-6223-30  (DIC ASTRA),"Dic Astra Chemicals, PT",AKTIF,L1,25,KARUNG,KG
MATERIAL,-,HDPE TITANVENE HD5120GB-B,HDPE TITANVENE HD5120GB-B,"Honda Trading Indonesia, PT",AKTIF,L1,25,KARUNG,KG
MATERIAL,-,PP TRILENE BI32AN,PP TRILENE BI32AN,"Honda Trading Indonesia, PT",AKTIF,L1,25,KARUNG,KG
MATERIAL,-,PP TRILENE BI5.0GA,PP TRILENE BI5.0GA,"Honda Trading Indonesia, PT",DISCONTINUE,L1,25,KARUNG,KG
MATERIAL,-,ABS TECHNO 10 JK2A NATURAL,ABS TECHNO 10 JK2A NATURAL,"Inabata Indonesia., PT",AKTIF,L1,25,KARUNG,KG
MATERIAL,-,PMMA MH011,PMMA MH011,"Inabata Indonesia., PT",DISCONTINUE,L1,25,KARUNG,KG
MATERIAL,-,PP COSMOPLANE AW-564,PP COSMOPLANE AW-564,"Inabata Indonesia., PT",DISCONTINUE,L1,25,KARUNG,KG
MATERIAL,-,PP Talc PP-T20 JJA1031P,PP Talc PP-T20 JJA1031P,"Inabata Indonesia., PT",DISCONTINUE,L1,25,KARUNG,KG
MATERIAL,-,BLACK (BK BP157),BLACK (BK BP157),"Indonesia Polymer Compound, PT",AKTIF,L1,25,KARUNG,KG
MATERIAL,-,PP IPC HK20,PP IPC HK20,"Indonesia Polymer Compound, PT",AKTIF,L1,25,KARUNG,KG
MATERIAL,-,POM NATURAL,POM NATURAL,"Jaya Hoki Dharma, PT",DISCONTINUE,L1,25,KARUNG,KG
MATERIAL,-,ASAHI KASEI TENAC ZM 413 K3287MO (DARK STEEL),ASAHI KASEI TENAC ZM 413 K3287MO (DARK STEEL),"Moriroku Chemicals , PT",DISCONTINUE,L1,25,KARUNG,KG
MATERIAL,-,ASAHI-KASEI TENAC 9K-X7691 (BLACK),ASAHI-KASEI TENAC 9K-X7691 (BLACK),"Moriroku Chemicals , PT",DISCONTINUE,L1,25,KARUNG,KG
MATERIAL,-,ASAHI-KASEI TENAC K3286M0 ( DARK METAL),ASAHI-KASEI TENAC K3286M0 ( DARK METAL),"Moriroku Chemicals , PT",DISCONTINUE,L1,25,KARUNG,KG
MATERIAL,-,PP APL2 BLACK,PP APL2 BLACK,"Nagase Impor Ekspor Indonesia, PT",AKTIF,L1,25,KARUNG,KG
MATERIAL,-,PP EXCEED AP03B,PP EXCEED AP03B,"Nagase Impor Ekspor Indonesia, PT",AKTIF,L1,25,KARUNG,KG
MATERIAL,-,PP OLTC VW 2005,PP OLTC VW 2005,"Nagase Impor Ekspor Indonesia, PT",AKTIF,L1,25,KARUNG,KG
MATERIAL,-,"PP-2C-WG0, TD20 OLTHW12/JW4985","PP-2C-WG0, TD20 OLTHW12/JW4985","Nagase Impor Ekspor Indonesia, PT",AKTIF,L1,25,KARUNG,KG
MATERIAL,-,PP-TD30,PP-TD30,"Nagase Impor Ekspor Indonesia, PT",AKTIF,L1,25,KARUNG,KG
MATERIAL,-,PP 7032 E3 EXXON,PP 7032 E3 EXXON,"Nagase Impor Ekspor Indonesia, PT",AKTIF,L1,25,KARUNG,KG
MATERIAL,-,NYLON B3W,NYLON B3W,"Okaya Indonesia, PT",DISCONTINUE,L1,25,KARUNG,KG
MATERIAL,-,PBT TOYOBO 708 BLACK,PBT TOYOBO 708 BLACK,"Okaya Indonesia, PT",DISCONTINUE,L1,25,KARUNG,KG
MATERIAL,-,PVC F JL 122A,PVC F JL 122A,"Riken Indonesia, PT",AKTIF,L1,25,KARUNG,KG
MATERIAL,-,PP HMU234,PP HMU234,"Sojitz Indonesia, PT",AKTIF,L1,25,KARUNG,KG
MATERIAL,-,PP GF 20% UBK 1312 BLACK,PP GF 20% UBK 1312 BLACK,"Sojitz Indonesia, PT",DISCONTINUE,L1,25,KARUNG,KG
MATERIAL,-,PA66 GF30 A3WG6,PA66 GF30 A3WG6,"Wwrc Indonesia, PT",AKTIF,L1,25,KARUNG,KG
MATERIAL,-,PBT ASF-9810FM/K23812,PBT ASF-9810FM/K23812,"Wwrc Indonesia, PT",AKTIF,L1,25,KARUNG,KG
MATERIAL,-,PBT GF30% ULTRADUR B4300G6,PBT GF30% ULTRADUR B4300G6,"Wwrc Indonesia, PT",AKTIF,L1,25,KARUNG,KG
MATERIAL,-,PP-TD30,PP-TD30,"Wwrc Indonesia, PT",AKTIF,L1,25,KARUNG,KG
MATERIAL,-,PC MAKROLON 2407 GREY,PC MAKROLON 2407 GREY,"Wwrc Indonesia, PT",AKTIF,L1,25,KARUNG,KG
MATERIAL,-,PP AZ564 GL 136B,PP AZ564 GL 136B,"Inoac Polytechno Indonesia, PT",DISCONTINUE,L1,25,KARUNG,KG
MATERIAL,-,PP AZ564 GL 6GS,PP AZ564 GL 6GS,"Inoac Polytechno Indonesia, PT",AKTIF,L1,25,KARUNG,KG
MATERIAL,-,PP AZ564 GL RT45,PP AZ564 GL RT45,"Inoac Polytechno Indonesia, PT",DISCONTINUE,L1,25,KARUNG,KG
MATERIAL,-,PP LA880T 201B,PP LA880T 201B,"Inoac Polytechno Indonesia, PT",AKTIF,L1,25,KARUNG,KG
MATERIAL,-,PP LA880T 8H-X5167,PP LA880T 8H-X5167,"Inoac Polytechno Indonesia, PT",AKTIF,L1,25,KARUNG,KG
MATERIAL,-,PP Z564 GL RT45,PP Z564 GL RT45,"Inoac Polytechno Indonesia, PT",AKTIF,L1,25,KARUNG,KG
MATERIAL,-,PP AZ 864 GL 202B,PP AZ 864 GL 202B,"Inoac Polytechno Indonesia, PT",AKTIF,L1,25,KARUNG,KG
MATERIAL,-,PP AZ 564 GL 2028,PP AZ 564 GL 2028,"Inoac Polytechno Indonesia, PT",AKTIF,L1,25,KARUNG,KG
MATERIAL,-,PP LA 880T,PP LA 880T,"Inoac Polytechno Indonesia, PT",DISCONTINUE,L1,25,KARUNG,KG
MATERIAL,-,ABS TM25,ABS TM25,"Inoac Polytechno Indonesia, PT",DISCONTINUE,L1,25,KARUNG,KG
MATERIAL,-,PP X660T-R299,PP X660T-R299,"Inoac Polytechno Indonesia, PT",AKTIF,L1,25,KARUNG,KG
MATERIAL,-,ABS TOYOLAC 450G-205,ABS TOYOLAC 450G-205,"Inoac Polytechno Indonesia, PT",AKTIF,L1,25,KARUNG,KG
MATERIAL,-,ABS GP10A4,ABS GP10A4,"Inoac Polytechno Indonesia, PT",AKTIF,L1,25,KARUNG,KG
MATERIAL,-,PP X660T NATURAL,PP X660T NATURAL,"Inoac Polytechno Indonesia, PT",AKTIF,L1,25,KARUNG,KG
MATERIAL,-,ABS SR0320K,ABS SR0320K,"Inoac Polytechno Indonesia, PT",AKTIF,L1,25,KARUNG,KG
MATERIAL,-,PP AZ 564 GL RT49,PP AZ 564 GL RT49,"Inoac Polytechno Indonesia, PT",DISCONTINUE,L1,25,KARUNG,KG
MATERIAL,-,ABS GF20% (IY CC25010-GY 7154 GREY),ABS GF20% (IY CC25010-GY 7154 GREY),"Inoac Polytechno Indonesia, PT",AKTIF,L1,25,KARUNG,KG
MATERIAL,-,PP LA880T 202B NATURAL,PP LA880T 202B NATURAL,"Inoac Polytechno Indonesia, PT",AKTIF,L1,25,KARUNG,KG
MATERIAL,-,PPM OJA0259 202B,PPM OJA0259 202B,"Inoac Polytechno Indonesia, PT",AKTIF,L1,25,KARUNG,KG
MATERIAL,-,ABS 700-X01-V NATURAL,ABS 700-X01-V NATURAL,"Inoac Polytechno Indonesia, PT",AKTIF,L1,25,KARUNG,KG
MATERIAL,-,PP AZ 564 GL/NATURAL,PP AZ 564 GL/NATURAL,"Inoac Polytechno Indonesia, PT",AKTIF,L1,25,KARUNG,KG
MATERIAL,-,PPM OJA243 202B,PPM OJA243 202B,"Inoac Polytechno Indonesia, PT",AKTIF,L1,25,KARUNG,KG
MATERIAL,-,FIBRE FILLED AF 1004 LF BK0002,FIBRE FILLED AF 1004 LF BK0002,"Suron Seiko Indonesia, PT",AKTIF,L1,25,KARUNG,KG
MATERIAL,-,PP FIBRE FILLED AF 1004 LF BK 1517 YIMM-01,PP FIBRE FILLED AF 1004 LF BK 1517 YIMM-01,"Suron Seiko Indonesia, PT",DISCONTINUE,L1,25,KARUNG,KG
MATERIAL,-,BLACK (BK BP157),BLACK (BK BP157),"CBC PRIMA, PT",DISCONTINUE,L1,25,KARUNG,KG
MATERIAL,-,POLYKAYA - PK T522,POLYKAYA - PK T522,"CBC PRIMA, PT",AKTIF,L1,25,KARUNG,KG
MATERIAL,-,POLYKAYA - PK G220 Black,POLYKAYA - PK G220 Black,"CBC PRIMA, PT",AKTIF,L1,25,KARUNG,KG
MATERIAL,-,PVC COMPOUNDS B-050,PVC COMPOUNDS B-050,"ASIA POLYPLAS, PT",AKTIF,L1,25,KARUNG,KG
MATERIAL,-,PA66 GF30 A3WG6,PA66 GF30 A3WG6,"B.S. INDONESIA, PT",AKTIF,L1,25,KARUNG,KG
MATERIAL,-,PBT GF30% ULTRADUR B4300G6,PBT GF30% ULTRADUR B4300G6,"B.S. INDONESIA, PT",AKTIF,L1,25,KARUNG,KG
MATERIAL,-,PP-TD30,PP-TD30,"B.S. INDONESIA, PT",AKTIF,L1,25,KARUNG,KG
MATERIAL,-,PC MAKROLON 2407 GREY,PC MAKROLON 2407 GREY,"B.S. INDONESIA, PT",AKTIF,L1,25,KARUNG,KG
MATERIAL,-,POPELEN A353 GREY,POPELEN A353 GREY,"B.S. INDONESIA, PT",AKTIF,L1,25,KARUNG,KG
MATERIAL,-,APLASCOM PP GLASS FIBRE K0820 LG,APLASCOM PP GLASS FIBRE K0820 LG,"ACOCHEM INDONESIA, PT",DISCONTINUE,L1,25,KARUNG,KG
MATERIAL,-,APLASCOM K 0200 LG,APLASCOM K 0200 LG,"ACOCHEM INDONESIA, PT",DISCONTINUE,L1,25,KARUNG,KG
MATERIAL,-,POM KOCETAL K-300,POM KOCETAL K-300,"Otello Kurnia Benhs, PT",AKTIF,L1,25,KARUNG,KG
MATERIAL,-,POM DURACON M90,POM DURACON M90,"Otello Kurnia Benhs, PT",AKTIF,L1,25,KARUNG,KG
MATERIAL,-,MB JP112-S,MB JP112-S,"Dynamic Dunia Plasticom, CV",AKTIF,L1,25,KARUNG,KG
MATERIAL,-,PP-XT5,PP-XT5,"MIDORI POLYMATRIX, Sdn. Bhd.",DISCONTINUE,L1,25,KARUNG,KG
MATERIAL,-,PBT GF 15,PBT GF 15,"YANPLA INDUSTRIAL CO., LTD",DISCONTINUE,L1,25,KARUNG,KG
MATERIAL,-,PP-M 40 BLACK,PP-M 40 BLACK,"YANPLA INDUSTRIAL CO., LTD",DISCONTINUE,L1,25,KARUNG,KG
MATERIAL,-,PP-TD 40 BLACK,PP-TD 40 BLACK,"YANPLA INDUSTRIAL CO., LTD",DISCONTINUE,L1,25,KARUNG,KG
MATERIAL,-,PP-TD 40 NATURAL,PP-TD 40 NATURAL,"YANPLA INDUSTRIAL CO., LTD",DISCONTINUE,L1,25,KARUNG,KG
MATERIAL,-,INTRABLACK HG 9688,INTRABLACK HG 9688,INTERA LESTARI POLIMER .PT,AKTIF,L1,25,KARUNG,KG
MATERIAL,-,Ultima JG 034A Black,Ultima JG 034A Black,ULTIMA SOLUSI MATERIAL .PT,AKTIF,L1,25,KARUNG,KG
MATERIAL,-,PP SB SML-79 PS,PP SB SML-79 PS,ULTIMA SOLUSI MATERIAL .PT,AKTIF,L1,25,KARUNG,KG
MATERIAL,-,PP BLACK GF-20 M SILVERPLAST,PP BLACK GF-20 M SILVERPLAST,SILVERPLAS PACIFIC .PT,AKTIF,L1,25,KARUNG,KG
MATERIAL,-,PP BLACK 30B,PP BLACK 30B,SILVERPLAS PACIFIC .PT,AKTIF,L1,25,KARUNG,KG
MATERIAL,-,PA66 BGF ECO (K061030 900FD),PA66 BGF ECO (K061030 900FD),"SIMNU HANA NUSANTARA, PT",AKTIF,L1,25,KARUNG,KG
MATERIAL,-,PP KINGFA API-3704 NC001,PP KINGFA API-3704 NC001,KINGFA SCI AND TECH INDONESIA .PT,AKTIF,L1,25,KARUNG,KG
LAYER,FOAM BAG,PSG-SUBPART-0042,"PE FOAM BAG 23X72X0,05","Beta Besindo, PT",AKTIF,L1,100,PLASTIK,PCS
LAYER,FOAM BAG,PSG-SUBPART-0044,"PE FOAM BAG 15X64X0,05","Beta Besindo, PT",DISCONTINUE,L1,100,PLASTIK,PCS
LAYER,POLYFOAM SHEET,PSG-SUBPART-0046,"POLYOAM SHEET 30X50X0,05","Beta Besindo, PT",AKTIF,L1,100,PLASTIK,PCS
POLYBAG,HDPE,PSG-SUBPART-0018,"POLYBAG HDPE 35X50X0,03","Dian Nusa Tunggul, PT",AKTIF,L3,25,BAG,KG
POLYBAG,HDPE,PSG-SUBPART-0019,"POLYBAG HDPE 50X75X0,03","Dian Nusa Tunggul, PT",AKTIF,L3,25,BAG,KG
POLYBAG,HDPE,PSG-SUBPART-0020,"POLYBAG HDPE 28X35X0,03","Dian Nusa Tunggul, PT",AKTIF,L3,25,BAG,KG
POLYBAG,HDPE,PSG-SUBPART-0030,"POLYBAG HDPE 40X60X0,03","Dian Nusa Tunggul, PT",AKTIF,L3,25,BAG,KG
POLYBAG,HDPE,PSG-SUBPART-0033,"POLYBAG HDPE 50X60X0,03","Dian Nusa Tunggul, PT",AKTIF,L3,25,BAG,KG
POLYBAG,HDPE,PSG-SUBPART-0034,"POLYBAG HDPE 35X37,5X0,03","Dian Nusa Tunggul, PT",AKTIF,L3,25,BAG,KG
POLYBAG,HDPE,PSG-SUBPART-0037,"POLYBAG HDPE 65X75X0,03","Dian Nusa Tunggul, PT",AKTIF,L3,25,BAG,KG
POLYBAG,HDPE,PSG-SUBPART-0039,"POLYBAG HDPE 28X30X0,03","Dian Nusa Tunggul, PT",AKTIF,L3,25,BAG,KG
POLYBAG,HDPE,PSG-SUBPART-0040,"POLYBAG HDPE 30X40X0,03","Dian Nusa Tunggul, PT",AKTIF,L3,25,BAG,KG
LAYER,POLYFOAM BAG,PSG-SUBPART-0074,POLYFOAM BAG PE 30 X 45 X 0.003,"Dian Nusa Tunggul, PT",AKTIF,L3,100,PLASTIK,PCS
LAYER,FOAM BAG,PSG-SUBPART-0075,Foambag 35 x 15x 0.5,"Dian Nusa Tunggul, PT",AKTIF,L1,100,PLASTIK,PCS
LAYER,FOAM BAG,PSG-SUBPART-0076,Foambag 22 x 40 x 0.5,"Dian Nusa Tunggul, PT",AKTIF,L2,100,PLASTIK,PCS
LAYER,FOAM BAG,PSG-SUBPART-0077,Foambag 18 x 30 x 0.5,"Dian Nusa Tunggul, PT",AKTIF,L1,100,PLASTIK,PCS
LAYER,FOAM BAG,PSG-SUBPART-0094,Foambag 30 x 20 x 0.05 CM,"Dian Nusa Tunggul, PT",AKTIF,L1,100,PLASTIK,PCS
POLYBAG,PE,PSG-SUBPART-0064,POLYBAG PE 900 X 205 X0.03 MM,"Inoac Polytechno Indonesia, PT",AKTIF,L1,25,BAG,KG
POLYBAG,PE,PSG-SUBPART-0065,POLYBAG PE 600 X 300 X0.03 MM,"Inoac Polytechno Indonesia, PT",AKTIF,L1,25,BAG,KG
POLYBAG,PE,PSG-SUBPART-0066,POLYBAG PE 550 X 350 X0.03 MM,"Inoac Polytechno Indonesia, PT",AKTIF,L1,25,BAG,KG
POLYBAG,HDPE,BDG-SUBPART-0021,POLYBAG SHEET HDPE 140x50x0.003,"Maju Bersama Plasindo, PT",AKTIF,L1,25,BAG,KG
POLYBAG,HDPE,BDG-SUBPART-0023,"POLYBAG HDPE 35x45x0,3","Maju Bersama Plasindo, PT",AKTIF,L1,25,BAG,KG
LAYER,LAYER SHEET,PSG-SUBPART-0012,"LAYER SHEET HDPE 85 X 50 X 0,02","Maju Bersama Plasindo, PT",AKTIF,L1,25,BAG,KG
POLYBAG,HDPE,PSG-SUBPART-0013,"Polybag HDPE BIRU 100 X 100 X 0,05","Maju Bersama Plasindo, PT",AKTIF,L1,25,BAG,KG
POLYBAG,HDPE,PSG-SUBPART-0015,"Polybag HDPE KUNING 100 X 100 X 0,05","Maju Bersama Plasindo, PT",AKTIF,L1,25,BAG,KG
POLYBAG,HDPE,PSG-SUBPART-0018,"POLYBAG HDPE 35X50X0,03","Maju Bersama Plasindo, PT",AKTIF,L1,25,BAG,KG
POLYBAG,HDPE,PSG-SUBPART-0019,"POLYBAG HDPE 50X75X0,03","Maju Bersama Plasindo, PT",AKTIF,L1,25,BAG,KG
POLYBAG,HDPE,PSG-SUBPART-0020,"POLYBAG HDPE 28X35X0,03","Maju Bersama Plasindo, PT",AKTIF,L1,25,BAG,KG
POLYBAG,HDPE,PSG-SUBPART-0021,"POLYBAG HDPE 60X30X0,03","Maju Bersama Plasindo, PT",DISCONTINUE,L1,25,BAG,KG
POLYBAG,HDPE,PSG-SUBPART-0022,POLYBAG HDPE SHEET KUNING 67 X 47 X0.03,"Maju Bersama Plasindo, PT",AKTIF,L1,25,BAG,KG
POLYBAG,HDPE,PSG-SUBPART-0023,"POLYBAG HDPE 20X60X0,03","Maju Bersama Plasindo, PT",DISCONTINUE,L1,25,BAG,KG
POLYBAG,LDPE,PSG-SUBPART-0026,"POLYBAG LDPE 25X40X0,03","Maju Bersama Plasindo, PT",AKTIF,L1,25,BAG,KG
POLYBAG,LDPE,PSG-SUBPART-0028,"POLYBAG LDPE 17X25X0,03","Maju Bersama Plasindo, PT",AKTIF,L1,25,BAG,KG
POLYBAG,HDPE,PSG-SUBPART-0030,"POLYBAG HDPE 40X60X0,03","Maju Bersama Plasindo, PT",AKTIF,L1,25,BAG,KG
POLYBAG,HDPE,PSG-SUBPART-0032,"POLYBAG HDPE SHEET 50X75X0,03","Maju Bersama Plasindo, PT",AKTIF,L1,25,BAG,KG
POLYBAG,HDPE,PSG-SUBPART-0033,"POLYBAG HDPE 50X60X0,03","Maju Bersama Plasindo, PT",AKTIF,L1,25,BAG,KG
POLYBAG,HDPE,PSG-SUBPART-0034,"POLYBAG HDPE 35X37,5X0,03","Maju Bersama Plasindo, PT",AKTIF,L1,25,BAG,KG
LAYER,LAYER SHEET,PSG-SUBPART-0036,"LAYER SHEET HDPE 140X50X0,03","Maju Bersama Plasindo, PT",AKTIF,L1,25,BAG,KG
POLYBAG,HDPE,PSG-SUBPART-0037,"POLYBAG HDPE 65X75X0,03","Maju Bersama Plasindo, PT",AKTIF,L1,25,BAG,KG
LAYER,LAYER SHEET,PSG-SUBPART-0038,"LAYER SHEET HDPE 140X50X0,03","Maju Bersama Plasindo, PT",AKTIF,L1,25,BAG,KG
POLYBAG,HDPE,PSG-SUBPART-0039,"POLYBAG HDPE 28X30X0,03","Maju Bersama Plasindo, PT",AKTIF,L1,25,BAG,KG
POLYBAG,HDPE,PSG-SUBPART-0041,"POLYBAG HDPE  20X50X0,03","Maju Bersama Plasindo, PT",AKTIF,L1,25,BAG,KG
POLYBAG,HDPE,PSG-SUBPART-0049,"POLYBAG HDPE 55X35X0,03","Maju Bersama Plasindo, PT",DISCONTINUE,L1,25,BAG,KG
POLYBAG,HDPE,PSG-SUBPART-0051,"POLYBAG HDPE SHEET 85X50X0,02","Maju Bersama Plasindo, PT",AKTIF,L1,25,BAG,KG
POLYBAG,HDPE,PSG-SUBPART-0067,POLYBAG HDPE SHEET KUNING 67 X 47 X0.03,"Maju Bersama Plasindo, PT",DISCONTINUE,L1,25,BAG,KG
POLYBAG,LDPE,PSG-SUBPART-0068,POLYBAG LDPE SHEET 60 X 35 X 0.03,"Maju Bersama Plasindo, PT",AKTIF,L1,25,BAG,KG
POLYBAG,LDPE,PSG-SUBPART-0069,POLYBAG LDPE CLEAR 100 X 100 X 0.05,"Maju Bersama Plasindo, PT",AKTIF,L1,25,BAG,KG
POLYBAG,HDPE,PSG-SUBPART-0071,"POLYBAG HDPE 35x45x0,3","Maju Bersama Plasindo, PT",DISCONTINUE,L1,25,BAG,KG
POLYBAG,PE,PSG-SUBPART-0078,"POLYBAG PE 15 X 25 X 0,03 cm","Maju Bersama Plasindo, PT",AKTIF,L1,25,BAG,KG
LAYER,POLYFOAM SHEET,PSG-SUBPART-0046,"POLYOAM SHEET 30X50X0,05",MULIAPACK .PT,AKTIF,L1,100,PLASTIK,PCS
LAYER,KARTON,PSG-SUBPART-0014,LAYER KARTON 56 X 37 X 0.02,Multi Global Prima. CV,AKTIF,L1,100,IKAT,PCS
BOX,KARTON,PSG-SUBPART-0025,KARTON BOX 66 X 45 X 57,"Permata Abadi Bersaudara, PT",DISCONTINUE,L1,100,IKAT,PCS
LAYER,LAYER SHEET,PSG-SUBPART-0012,"LAYER SHEET HDPE 85 X 50 X 0,02",PLASTIK KARAWANG FLEXINDO .PT,AKTIF,L1,25,BAG,KG
POLYBAG,HDPE,PSG-SUBPART-0013,"Polybag HDPE BIRU 100 X 100 X 0,05",PLASTIK KARAWANG FLEXINDO .PT,AKTIF,L1,25,BAG,KG
POLYBAG,HDPE,PSG-SUBPART-0015,"Polybag HDPE KUNING 100 X 100 X 0,05",PLASTIK KARAWANG FLEXINDO .PT,AKTIF,L1,25,BAG,KG
POLYBAG,HDPE,PSG-SUBPART-0018,"POLYBAG HDPE 35X50X0,03",PLASTIK KARAWANG FLEXINDO .PT,AKTIF,L1,25,BAG,KG
POLYBAG,HDPE,PSG-SUBPART-0019,"POLYBAG HDPE 50X75X0,03",PLASTIK KARAWANG FLEXINDO .PT,AKTIF,L1,25,BAG,KG
POLYBAG,HDPE,PSG-SUBPART-0020,"POLYBAG HDPE 28X35X0,03",PLASTIK KARAWANG FLEXINDO .PT,AKTIF,L1,25,BAG,KG
POLYBAG,HDPE,PSG-SUBPART-0022,POLYBAG HDPE SHEET KUNING 67 X 47 X0.03,PLASTIK KARAWANG FLEXINDO .PT,AKTIF,L1,25,BAG,KG
POLYBAG,LDPE,PSG-SUBPART-0026,"POLYBAG LDPE 25X40X0,03",PLASTIK KARAWANG FLEXINDO .PT,AKTIF,L1,25,BAG,KG
POLYBAG,LDPE,PSG-SUBPART-0028,"POLYBAG LDPE 17X25X0,03",PLASTIK KARAWANG FLEXINDO .PT,AKTIF,L1,25,BAG,KG
POLYBAG,HDPE,PSG-SUBPART-0030,"POLYBAG HDPE 40X60X0,03",PLASTIK KARAWANG FLEXINDO .PT,AKTIF,L1,25,BAG,KG
POLYBAG,HDPE,PSG-SUBPART-0031,"POLYBAG HDPE 30X40X0,03",PLASTIK KARAWANG FLEXINDO .PT,AKTIF,L1,25,BAG,KG
POLYBAG,HDPE,PSG-SUBPART-0032,"POLYBAG HDPE SHEET 50X75X0,03",PLASTIK KARAWANG FLEXINDO .PT,AKTIF,L1,25,BAG,KG
POLYBAG,HDPE,PSG-SUBPART-0033,"POLYBAG HDPE 50X60X0,03",PLASTIK KARAWANG FLEXINDO .PT,AKTIF,L1,25,BAG,KG
POLYBAG,HDPE,PSG-SUBPART-0034,"POLYBAG HDPE 35X37,5X0,03",PLASTIK KARAWANG FLEXINDO .PT,AKTIF,L1,25,BAG,KG
POLYBAG,HDPE,PSG-SUBPART-0035,"POLYBAG HDPE SHEET 50X75X0,03",PLASTIK KARAWANG FLEXINDO .PT,AKTIF,L1,25,BAG,KG
LAYER,LAYER SHEET,PSG-SUBPART-0036,"LAYER SHEET HDPE 140X50X0,03",PLASTIK KARAWANG FLEXINDO .PT,AKTIF,L1,25,BAG,KG
POLYBAG,HDPE,PSG-SUBPART-0037,"POLYBAG HDPE 65X75X0,03",PLASTIK KARAWANG FLEXINDO .PT,AKTIF,L1,25,BAG,KG
LAYER,LAYER SHEET,PSG-SUBPART-0038,"LAYER SHEET HDPE 140X50X0,03",PLASTIK KARAWANG FLEXINDO .PT,AKTIF,L1,25,BAG,KG
POLYBAG,HDPE,PSG-SUBPART-0039,"POLYBAG HDPE 28X30X0,03",PLASTIK KARAWANG FLEXINDO .PT,AKTIF,L1,25,BAG,KG
POLYBAG,HDPE,PSG-SUBPART-0040,"POLYBAG HDPE 30X40X0,03",PLASTIK KARAWANG FLEXINDO .PT,AKTIF,L1,25,BAG,KG
POLYBAG,HDPE,PSG-SUBPART-0051,"POLYBAG HDPE SHEET 85X50X0,02",PLASTIK KARAWANG FLEXINDO .PT,AKTIF,L1,25,BAG,KG
POLYBAG,PE,PSG-SUBPART-0065,POLYBAG PE 600 X 300 X0.03 MM,PLASTIK KARAWANG FLEXINDO .PT,AKTIF,L1,25,BAG,KG
POLYBAG,PE,PSG-SUBPART-0066,POLYBAG PE 550 X 350 X0.03 MM,PLASTIK KARAWANG FLEXINDO .PT,AKTIF,L1,25,BAG,KG
POLYBAG,LDPE,PSG-SUBPART-0068,POLYBAG LDPE SHEET 60 X 35 X 0.03,PLASTIK KARAWANG FLEXINDO .PT,AKTIF,L1,25,BAG,KG
POLYBAG,LDPE,PSG-SUBPART-0069,POLYBAG LDPE CLEAR 100 X 100 X 0.05,PLASTIK KARAWANG FLEXINDO .PT,AKTIF,L1,25,BAG,KG
POLYBAG,LDPE,PSG-SUBPART-0073,"Polybag LDPE BIRU 100 X 100 X 0,05",PLASTIK KARAWANG FLEXINDO .PT,AKTIF,L1,25,BAG,KG
POLYBAG,PE,PSG-SUBPART-0078,"POLYBAG PE 15 X 25 X 0,03 cm",PLASTIK KARAWANG FLEXINDO .PT,AKTIF,L1,25,BAG,KG
POLYBAG,HDPE,PSG-SUBPART-0080,POLYBAG HDPE 90 X 45 X 0.03 - BLUE,PLASTIK KARAWANG FLEXINDO .PT,AKTIF,L1,25,BAG,KG
POLYBAG,HDPE,PSG-SUBPART-0081,POLYBAG HDPE 90 X 45 X 0.03 - YELLOW,PLASTIK KARAWANG FLEXINDO .PT,AKTIF,L1,25,BAG,KG
POLYBAG,LDPE,PSG-SUBPART-0082,"POLYBAG LDPE 50 X 75 X 0,03 CM",PLASTIK KARAWANG FLEXINDO .PT,AKTIF,L1,25,BAG,KG
LAYER,LAYER SHEET,PSG-SUBPART-0083,"LAYER SHEET HDPE 55 X 35 X 0,03 CM",PLASTIK KARAWANG FLEXINDO .PT,AKTIF,L1,25,BAG,KG
POLYBAG,LDPE,PSG-SUBPART-0084,"POLYBAG LDPE 100 X 75 X 0,03 CM",PLASTIK KARAWANG FLEXINDO .PT,AKTIF,L1,25,BAG,KG
POLYBAG,LDPE,PSG-SUBPART-0085,"POLYBAG LDPE 65 X 90 X 0,03 CM",PLASTIK KARAWANG FLEXINDO .PT,AKTIF,L1,25,BAG,KG
POLYBAG,LDPE,PSG-SUBPART-0086,"POLYBAG LDPE 65 X 75 X 0,03 CM",PLASTIK KARAWANG FLEXINDO .PT,AKTIF,L1,25,BAG,KG
POLYBAG,LDPE,PSG-SUBPART-0087,"POLYBAG LDPE 30 X 40 X 0,03 CM",PLASTIK KARAWANG FLEXINDO .PT,AKTIF,L1,25,BAG,KG
POLYBAG,LDPE,PSG-SUBPART-0088,"POLYBAG LDPE 35 X 50 X 0,03 CM",PLASTIK KARAWANG FLEXINDO .PT,AKTIF,L1,25,BAG,KG
POLYBAG,LDPE,PSG-SUBPART-0091,"POLYBAG LDPE 100 X 75 X 0,05 CM",PLASTIK KARAWANG FLEXINDO .PT,AKTIF,L1,25,BAG,KG
POLYBAG,LDPE,PSG-SUBPART-0092,"POLYBAG LDPE 120 X 90 X 0,05 CM",PLASTIK KARAWANG FLEXINDO .PT,AKTIF,L1,25,BAG,KG
LAYER,LAYER SHEET,PSG-SUBPART-0093,"LAYER SHEET HDPE 60 X 35 X 0,03 CM",PLASTIK KARAWANG FLEXINDO .PT,AKTIF,L1,25,BAG,KG
POLYBAG,LDPE,PSG-SUBPART-0095,"POLYBAG LDPE 50 X 60 X 0,03 CM",PLASTIK KARAWANG FLEXINDO .PT,AKTIF,L1,25,BAG,KG
POLYBAG,LDPE,PSG-SUBPART-0096,"POLYBAG LDPE 90 X 100 X 0,03 CM",PLASTIK KARAWANG FLEXINDO .PT,AKTIF,L1,25,BAG,KG
POLYBAG,LDPE,PSG-SUBPART-0097,"POLYBAG LDPE 40 X 60 X 0,03 CM",PLASTIK KARAWANG FLEXINDO .PT,AKTIF,L1,25,BAG,KG
POLYBAG,LDPE,PSG-SUBPART-0098,"POLYBAG LDPE 65 X 100 X 0,03 CM",PLASTIK KARAWANG FLEXINDO .PT,AKTIF,L1,25,BAG,KG
POLYBAG,LDPE,PSG-SUBPART-0099,"POLYBAG LDPE 65 X 100 X 0,03 CM",PLASTIK KARAWANG FLEXINDO .PT,AKTIF,L1,25,BAG,KG
POLYBAG,LDPE,PSG-SUBPART-0103,"POLYBAG LDPE 35X37,5X0,03",PLASTIK KARAWANG FLEXINDO .PT,AKTIF,L1,25,BAG,KG
POLYBAG,LDPE,PSG-SUBPART-0104,"POLYBAG LDPE 30X50X0,03",PLASTIK KARAWANG FLEXINDO .PT,AKTIF,L1,25,BAG,KG
POLYBAG,LDPE,PSG-SUBPART-0105,"POLYBAG LDPE 35X75X0,03",PLASTIK KARAWANG FLEXINDO .PT,AKTIF,L1,25,BAG,KG
POLYBAG,HDPE,PSG-SUBPART-0013,"Polybag HDPE BIRU 100 X 100 X 0,05","Primatama Bintang Indoensia Plastic Industry, PT",AKTIF,L2,25,BAG,KG
POLYBAG,HDPE,PSG-SUBPART-0015,"Polybag HDPE KUNING 100 X 100 X 0,05","Primatama Bintang Indoensia Plastic Industry, PT",AKTIF,L2,25,BAG,KG
POLYBAG,HDPE,PSG-SUBPART-0018,"POLYBAG HDPE 35X50X0,03","Primatama Bintang Indoensia Plastic Industry, PT",AKTIF,L2,25,BAG,KG
POLYBAG,HDPE,PSG-SUBPART-0019,"POLYBAG HDPE 50X75X0,03","Primatama Bintang Indoensia Plastic Industry, PT",AKTIF,L2,25,BAG,KG
POLYBAG,HDPE,PSG-SUBPART-0020,"POLYBAG HDPE 28X35X0,03","Primatama Bintang Indoensia Plastic Industry, PT",AKTIF,L2,25,BAG,KG
POLYBAG,HDPE,PSG-SUBPART-0030,"POLYBAG HDPE 40X60X0,03","Primatama Bintang Indoensia Plastic Industry, PT",AKTIF,L2,25,BAG,KG
POLYBAG,HDPE,PSG-SUBPART-0031,"POLYBAG HDPE 30X40X0,03","Primatama Bintang Indoensia Plastic Industry, PT",AKTIF,L2,25,BAG,KG
POLYBAG,HDPE,PSG-SUBPART-0032,"POLYBAG HDPE SHEET 50X75X0,03","Primatama Bintang Indoensia Plastic Industry, PT",AKTIF,L2,25,BAG,KG
POLYBAG,HDPE,PSG-SUBPART-0033,"POLYBAG HDPE 50X60X0,03","Primatama Bintang Indoensia Plastic Industry, PT",AKTIF,L2,25,BAG,KG
POLYBAG,HDPE,PSG-SUBPART-0034,"POLYBAG HDPE 35X37,5X0,03","Primatama Bintang Indoensia Plastic Industry, PT",AKTIF,L2,25,BAG,KG
POLYBAG,HDPE,PSG-SUBPART-0035,"POLYBAG HDPE SHEET 50X75X0,03","Primatama Bintang Indoensia Plastic Industry, PT",AKTIF,L2,25,BAG,KG
LAYER,LAYER SHEET,PSG-SUBPART-0036,"LAYER SHEET HDPE 140X50X0,03","Primatama Bintang Indoensia Plastic Industry, PT",AKTIF,L2,25,BAG,KG
POLYBAG,HDPE,PSG-SUBPART-0037,"POLYBAG HDPE 65X75X0,03","Primatama Bintang Indoensia Plastic Industry, PT",AKTIF,L2,25,BAG,KG
POLYBAG,HDPE,PSG-SUBPART-0039,"POLYBAG HDPE 28X30X0,03","Primatama Bintang Indoensia Plastic Industry, PT",AKTIF,L2,25,BAG,KG
POLYBAG,HDPE,PSG-SUBPART-0040,"POLYBAG HDPE 30X40X0,03","Primatama Bintang Indoensia Plastic Industry, PT",AKTIF,L2,25,BAG,KG
POLYBAG,HDPE,PSG-SUBPART-0041,"POLYBAG HDPE  20X50X0,03","Primatama Bintang Indoensia Plastic Industry, PT",AKTIF,L2,25,BAG,KG
POLYBAG,LDPE,PSG-SUBPART-0069,POLYBAG LDPE CLEAR 100 X 100 X 0.05,"Primatama Bintang Indoensia Plastic Industry, PT",AKTIF,L2,25,BAG,KG
POLYBAG,LDPE,PSG-SUBPART-0073,"Polybag LDPE BIRU 100 X 100 X 0,05","Primatama Bintang Indoensia Plastic Industry, PT",AKTIF,L2,25,BAG,KG
POLYBAG,LDPE,PSG-SUBPART-0082,"POLYBAG LDPE 50 X 75 X 0,03 CM","Primatama Bintang Indoensia Plastic Industry, PT",AKTIF,L2,25,BAG,KG
LAYER,LAYER SHEET,PSG-SUBPART-0083,"LAYER SHEET HDPE 55 X 35 X 0,03 CM","Primatama Bintang Indoensia Plastic Industry, PT",AKTIF,L1,25,BAG,KG
POLYBAG,LDPE,PSG-SUBPART-0084,"POLYBAG LDPE 100 X 75 X 0,03 CM","Primatama Bintang Indoensia Plastic Industry, PT",AKTIF,L2,25,BAG,KG
POLYBAG,LDPE,PSG-SUBPART-0085,"POLYBAG LDPE 65 X 90 X 0,03 CM","Primatama Bintang Indoensia Plastic Industry, PT",AKTIF,L2,25,BAG,KG
POLYBAG,LDPE,PSG-SUBPART-0086,"POLYBAG LDPE 65 X 75 X 0,03 CM","Primatama Bintang Indoensia Plastic Industry, PT",AKTIF,L2,25,BAG,KG
POLYBAG,LDPE,PSG-SUBPART-0087,"POLYBAG LDPE 30 X 40 X 0,03 CM","Primatama Bintang Indoensia Plastic Industry, PT",AKTIF,L2,25,BAG,KG
POLYBAG,LDPE,PSG-SUBPART-0088,"POLYBAG LDPE 35 X 50 X 0,03 CM","Primatama Bintang Indoensia Plastic Industry, PT",AKTIF,L2,25,BAG,KG
POLYBAG,LDPE,PSG-SUBPART-0091,"POLYBAG LDPE 100 X 75 X 0,05 CM","Primatama Bintang Indoensia Plastic Industry, PT",AKTIF,L2,25,BAG,KG
POLYBAG,LDPE,PSG-SUBPART-0092,"POLYBAG LDPE 120 X 90 X 0,05 CM","Primatama Bintang Indoensia Plastic Industry, PT",AKTIF,L2,25,BAG,KG
LAYER,LAYER SHEET,PSG-SUBPART-0093,"LAYER SHEET HDPE 60 X 35 X 0,03 CM","Primatama Bintang Indoensia Plastic Industry, PT",AKTIF,L2,25,BAG,KG
POLYBAG,LDPE,PSG-SUBPART-0095,"POLYBAG LDPE 50 X 60 X 0,03 CM","Primatama Bintang Indoensia Plastic Industry, PT",AKTIF,L2,25,BAG,KG
POLYBAG,LDPE,PSG-SUBPART-0096,"POLYBAG LDPE 90 X 100 X 0,03 CM","Primatama Bintang Indoensia Plastic Industry, PT",AKTIF,L2,25,BAG,KG
POLYBAG,LDPE,PSG-SUBPART-0097,"POLYBAG LDPE 40 X 60 X 0,03 CM","Primatama Bintang Indoensia Plastic Industry, PT",AKTIF,L2,25,BAG,KG
POLYBAG,LDPE,PSG-SUBPART-0099,"POLYBAG LDPE 65 X 100 X 0,03 CM","Primatama Bintang Indoensia Plastic Industry, PT",AKTIF,L2,25,BAG,KG
POLYBAG,LDPE,PSG-SUBPART-0105,"POLYBAG LDPE 35X75X0,03","Primatama Bintang Indoensia Plastic Industry, PT",AKTIF,L2,25,BAG,KG
LAYER,KARTON,PSG-SUBPART-0014,LAYER KARTON 56 X 37 X 0.02,"Propack Kreasi Mandiri, PT",AKTIF,L1,100,IKAT,PCS
BOX,KARTON,PSG-SUBPART-0025,KARTON BOX 66 X 45 X 57,"Propack Kreasi Mandiri, PT",DISCONTINUE,L1,100,IKAT,PCS
BOX,KARTON,PSG-SUBPART-0027,KARTON BOX 52 X 32 X 48,"Propack Kreasi Mandiri, PT",DISCONTINUE,L1,100,IKAT,PCS
BOX,KARTON,PSG-SUBPART-0029,KARTON BOX 620 X 420 X 300,"Propack Kreasi Mandiri, PT",DISCONTINUE,L1,100,IKAT,PCS
LAYER,FOAM BAG,PSG-SUBPART-0044,"PE FOAM BAG 15X64X0,05","Propack Kreasi Mandiri, PT",DISCONTINUE,L1,100,PLASTIK,PCS
LAYER,KARTON,PSG-SUBPART-0090,LAYER KARTON 57 X 32 X 0.2,"Propack Kreasi Mandiri, PT",AKTIF,L1,100,IKAT,PCS
LAYER,FOAM SHEET,PSG-SUBPART-0016,"FOAM SHEET 40 X 40 X 0,2","Skypackhutama Industry, PT",DISCONTINUE,L1,100,PLASTIK,PCS
LAYER,FOAM BAG,PSG-SUBPART-0042,"PE FOAM BAG 23X72X0,05","Skypackhutama Industry, PT",AKTIF,L1,100,PLASTIK,PCS
LAYER,FOAM BAG,PSG-SUBPART-0070,FOAM BAG 40 X 40,"Skypackhutama Industry, PT",AKTIF,L1,100,PLASTIK,PCS
LAYER,POLYFOAM BAG,PSG-SUBPART-0074,POLYFOAM BAG PE 30 X 45 X 0.003,"Skypackhutama Industry, PT",AKTIF,L1,100,PLASTIK,PCS
LAYER,FOAM BAG,PSG-SUBPART-0076,Foambag 22 x 40 x 0.5,"Skypackhutama Industry, PT",AKTIF,L1,100,PLASTIK,PCS
LAYER,FOAM BAG,PSG-SUBPART-0077,Foambag 18 x 30 x 0.5,"Skypackhutama Industry, PT",AKTIF,L1,100,PLASTIK,PCS
LAYER,FOAM,PSG-SUBPART-0089,"Layer Foam 70 X 50 X 0,05","Skypackhutama Industry, PT",AKTIF,L1,100,PLASTIK,PCS
